{
    "1": {
        "x": 9.866897087277346,
        "y": 0.9639597402166252
    },
    "2": {
        "x": 9.492992381489838,
        "y": 1.5516924983876144
    },
    "3": {
        "x": 9.058963688184074,
        "y": 1.9758159725515456
    },
    "4": {
        "x": 8.472477740814156,
        "y": 2.315918252176714
    },
    "5": {
        "x": 7.750366485194526,
        "y": 2.224069856497901
    },
    "6": {
        "x": 7.4032682116300235,
        "y": 1.7421774818843998
    },
    "7": {
        "x": 6.954347055978146,
        "y": 1.1782033962004643
    },
    "8": {
        "x": 6.405403967173776,
        "y": 0.9496906832710489
    },
    "9": {
        "x": 6.028797837983951,
        "y": 1.1358810962308157
    },
    "10": {
        "x": 5.742239155538059,
        "y": 1.6643903413509844
    },
    "11": {
        "x": 5.541364082032361,
        "y": 2.356508870478211
    },
    "12": {
        "x": 5.0118158279113,
        "y": 2.8489991369008068
    },
    "13": {
        "x": 4.342070625936604,
        "y": 2.1408106018931257
    },
    "14": {
        "x": 3.950641301667394,
        "y": 2.439213986949178
    },
    "15": {
        "x": 3.883521320209799,
        "y": 3.0241760544511234
    },
    "16": {
        "x": 3.8477101433124026,
        "y": 3.620705755496327
    },
    "17": {
        "x": 3.8412682875068764,
        "y": 4.42060415164937
    },
    "18": {
        "x": 4.1172983454104,
        "y": 4.949806069436801
    },
    "19": {
        "x": 4.823131793349394,
        "y": 5.156361058814041
    },
    "20": {
        "x": 5.665213954938634,
        "y": 5.461691170542706
    },
    "21": {
        "x": 5.913121502551357,
        "y": 6.967215212834566
    },
    "22": {
        "x": 6.3844852526224924,
        "y": 5.8796498579680145
    },
    "23": {
        "x": 7.041970148386667,
        "y": 5.79403551629455
    },
    "24": {
        "x": 7.725776605506761,
        "y": 5.769722705673688
    },
    "25": {
        "x": 8.412423020562624,
        "y": 5.708282640087634
    },
    "26": {
        "x": 9.178796059620232,
        "y": 5.475059753020844
    },
    "27": {
        "x": 9.475675564808313,
        "y": 4.735146809852606
    },
    "28": {
        "x": 9.247924791812885,
        "y": 3.965795278325774
    },
    "29": {
        "x": 8.476980113151354,
        "y": 3.8240051833374404
    },
    "30": {
        "x": 7.544157832150916,
        "y": 4.07447561981903
    },
    "31": {
        "x": 7.14822613554451,
        "y": 4.995730267276207
    },
    "32": {
        "x": 6.6039239536107885,
        "y": 5.696230135677292
    },
    "33": {
        "x": 6.179661944913405,
        "y": 5.535045206005649
    },
    "34": {
        "x": 5.4049768338486635,
        "y": 5.514472827787997
    },
    "35": {
        "x": 5.098330644052203,
        "y": 4.9595034867784555
    },
    "36": {
        "x": 5.232570606967391,
        "y": 3.5915442362046366
    },
    "37": {
        "x": 5.66722270567369,
        "y": 2.7861737259802304
    },
    "38": {
        "x": 6.522119311607259,
        "y": 2.3296331709884837
    },
    "39": {
        "x": 7.198721972987839,
        "y": 2.434850149145435
    },
    "40": {
        "x": 8.312262552876678,
        "y": 2.48825521179126
    },
    "41": {
        "x": 9.321140292742376,
        "y": 1.971798471081432
    },
    "42": {
        "x": 10.120623085295062,
        "y": 1.551346162053985
    },
    "43": {
        "x": 10.459824890452792,
        "y": 1.5307737838363311
    },
    "44": {
        "x": 10.920798550515011,
        "y": 1.721328034599843
    },
    "45": {
        "x": 11.278286914088433,
        "y": 2.1608981092436954
    },
    "46": {
        "x": 11.431298306286394,
        "y": 2.667103294478059
    },
    "47": {
        "x": 11.467594354050872,
        "y": 3.2666114879924852
    },
    "48": {
        "x": 11.483872161731506,
        "y": 3.70597376083616
    },
    "49": {
        "x": 11.685024304304111,
        "y": 3.2030934044046484
    },
    "50": {
        "x": 11.585695043818879,
        "y": 2.334966750526393
    },
    "51": {
        "x": 11.23354025978337,
        "y": 1.6887031519718465
    },
    "52": {
        "x": 10.323922513136175,
        "y": 1.4736465288711391
    },
    "53": {
        "x": 10.423922513136175,
        "y": 1.4936465288711391
    },
    "54": {
        "x": 10.523922513136175,
        "y": 1.4836465288711391
    }
}
